{
  "files": [
    "data/aggregate/test.csv"
  ],
  "samples": 10287,
  "mean_loss": 0.16771081101082594,
  "mean_physics": 0.1677090901680569,
  "u_stats": {
    "n": 10287,
    "mean": -0.019792689010500908,
    "std": 0.035532284528017044,
    "min": -2.843928813934326,
    "max": -1.9798793347306542e-28,
    "p01": -0.07123463600873947,
    "p50": -0.01764778234064579,
    "p99": -1.8503022832771953e-22
  }
}